{
    "satellite": {
        "model_dump/satellite/encoder_l1_loss_minmax_autoencoder.pth": {
            "mse": 0.0011186500757921867,
            "l1": 0.02482764123175236,
            "ssim": 0.8925303087036626
        },
        "model_dump/satellite/encoder_l1_loss_autoencoder.pth": {
            "mse": 0.0007842473996428356,
            "l1": 0.018971211531154164,
            "ssim": 0.8799732777593244
        },
        "model_dump/satellite/encoder_corrected_autoencoder.pth": {
            "mse": 0.0007569646276493836,
            "l1": 0.01858954111535211,
            "ssim": 0.8819144028318084
        },
        "model_dump/satellite/encoder_corrected_lr_point_0001_autoencoder.pth": {
            "mse": 0.0009100749580321461,
            "l1": 0.020598662321248858,
            "ssim": 0.8655892950169704
        },
        "model_dump/satellite/encoder_corrected_lr_point01_autoencoder.pth": {
            "mse": 0.0009466717213293243,
            "l1": 0.021851672075658614,
            "ssim": 0.8727062716916949
        },
        "model_dump/satellite/encoder_ssim_1minus_autoencoder.pth": {
            "mse": 0.001069574825740704,
            "l1": 0.0236982114579214,
            "ssim": 0.8891546408877545
        },
        "model_dump/satellite/encoder_ssim_mse_point1_autoencoder.pth": {
            "mse": 0.0006015801541957025,
            "l1": 0.01687206096704344,
            "ssim": 0.9035214537441464
        },
        "model_dump/satellite/encoder_ssim_mse_point01_autoencoder.pth": {
            "mse": 0.000635492701918427,
            "l1": 0.017181852508630368,
            "ssim": 0.8927987553390623
        },
        "model_dump/satellite/encoder_ssim_l1_point1_autoencoder.pth": {
            "mse": 0.0006314448522055827,
            "l1": 0.017446661534045498,
            "ssim": 0.8914361467094296
        },
        "model_dump/satellite/encoder_ssim_l1_point01_autoencoder.pth": {
            "mse": 0.0007505580712769724,
            "l1": 0.019849891753682822,
            "ssim": 0.8826468446372515
        },
        "model_dump/satellite/encoder_ssim_l1_point001_autoencoder.pth": {
            "mse": 0.0006658039912938946,
            "l1": 0.017778868420220233,
            "ssim": 0.8941102644833289
        },
        "model_dump/satellite/encoder_ssim_mse_l1_1_autoencoder.pth": {
            "mse": 2.4452956685803398,
            "l1": 1.4450380795064937,
            "ssim": 0.01813619309991925
        },
        "model_dump/satellite/encoder_ssim_mse_1_autoencoder.pth": {
            "mse": 2.3694181847076368,
            "l1": 1.4057553817179227,
            "ssim": 0.017905701140819227
        },
        "model_dump/satellite/encoder_ssim_mse_point1_clip3_autoencoder.pth": {
            "mse": 0.0008877787046942764,
            "l1": 0.021112164222211998,
            "ssim": 0.8881634097966281
        },
        "model_dump/satellite/encoder_ssim_mse_point1_clip4_autoencoder.pth": {
            "mse": 0.0007554425965136033,
            "l1": 0.019562452741390606,
            "ssim": 0.8917533636635
        },
        "model_dump/satellite/encoder_ssim_mse_point1_clip5_autoencoder.pth": {
            "mse": 0.0008253792499262172,
            "l1": 0.020032988098619336,
            "ssim": 0.8942286953275854
        },
        "model_dump/e2e_satellite_model_56.pth": {
            "mse": 0.002071567374247648,
            "l1": 0.03189883362078457,
            "ssim": 0.829532429273833
        },
        "model_dump/satellite/lstm_ssim_mse_point1_53.pth": {
            "mse": 0.0018042666370203268,
            "l1": 0.028920159730341184,
            "ssim": 0.8580560115818386
        },
        "model_dump/satellite/lstm_ssim_mse_point1.pth": {
            "mse": 0.002412911677443958,
            "l1": 0.03573114486624379,
            "ssim": 0.8228571643898844
        },
        "model_dump/satellite/full_ssim_mse_point1.pth": {
            "mse": 0.002125614178487815,
            "l1": 0.03268389940021869,
            "ssim": 0.829245508485315
        },
        "model_dump/vgg_n_splits_5_10_15_batch_50_2.pth": {
            "mse": 0.0019517823328500745,
            "l1": 0.032108557882032915,
            "ssim": 0.8082739113894271
        },
        "model_dump/satellite/lstm5_mse_only.pth": {
            "mse": 0.0021200811748138403,
            "l1": 0.03376501582539677,
            "ssim": 0.8040653367226853
        },
        "/cmlscratch/izvonkov/DVG/model_dump/satellite/e2e_satellite_model.pth": {
            "mse_per_band": [
                0.003899921427681368,
                0.004402227481757078,
                0.003994139410905604,
                0.005039780657845679,
                0.006629816530907635,
                0.007246921589070018,
                0.007786496267526996
            ],
            "mse": 0.005571329052242053,
            "l1_per_band": [
                0.03968440648826524,
                0.042833612255228755,
                0.041424679249233154,
                0.0470123749685344,
                0.04985307878282625,
                0.051759132704535415,
                0.054212819013445504
            ],
            "l1": 0.046682871923152666,
            "ssim_per_band": [
                0.8568053369706008,
                0.8403087190186886,
                0.8420342654699187,
                0.8177016258976298,
                0.7933520379317772,
                0.7984402028529397,
                0.7823388556101651
            ],
            "ssim": 0.8187115776788171
        },
        "model_dump/satellite/e2e_satellite_model.pth": {
            "mse": 0.005538602441223809,
            "mse_per_band": [
                0.0006845055495803213,
                0.0008893806700319805,
                0.0012731088529349306,
                0.0027665143017116256,
                0.0023176277330210627,
                0.004395468719981044,
                0.007103412859175266,
                0.0069412210907184285,
                0.008013138891879192,
                0.0011411011577793448,
                8.657123631574166e-05,
                0.005588778481962952,
                0.005153912937139034,
                0.031185691694902366
            ],
            "l1": 0.046338737456137535,
            "ssim": 0.8237647193276519
        }
    }
}